<?xml version="1.0" encoding="UTF-8"?>
<!DOCTYPE mapper
   PUBLIC "-//mybatis.org//DTO Mapper 3.0//EN"
   "http://mybatis.org/dtd/mybatis-3-mapper.dtd">

<mapper namespace="com.teamPjt.teamPtop.mapper.BoardMapper">

<!-- 	<sql id="criteria"> -->
<!-- 		<trim prefix="(" suffix=") AND" prefixOverrides="OR"> -->
<!-- 			<foreach item="type" collection="typeArr"> -->
<!-- 				<trim prefix="OR"> -->
<!-- 					<choose> -->
<!-- 						<when test="type =='T'.toString()"> -->
<!-- 							title like '%'||#{keyword}||'%' -->
<!-- 						</when> -->
<!-- 						<when test="type =='C'.toString()"> -->
<!-- 							content like '%'||#{keyword}||'%' -->
<!-- 						</when> -->
<!-- 						<when test="type =='W'.toString()"> -->
<!-- 							writer like '%'||#{keyword}||'%' -->
<!-- 						</when> -->
<!-- 					</choose> -->
<!-- 				</trim> -->
<!-- 			</foreach> -->
<!-- 		</trim> -->
<!-- 	</sql> -->



<!-- 	게시판 리스트 불러오기 페이지처리까지 -->
	<select id="getListWithPagingAll" resultType="com.teamPjt.teamPtop.domain.boardVO">
		<![CDATA[
		select bno,categoryname,title,content,writer,regdate from
  		( select /*+INDEX_DESC(teamPjt pk_board)*/ 
		rownum rn,bno,categoryname,title,content,writer,regdate
		from tbl_board 
 		where  
 		]]> 
<!-- 		<include refid="criteria"></include> -->
		<![CDATA[
			rownum <= #{pageNum} * #{amount} 
  			)  
 			where rn > (#{pageNum}-1) * #{amount} 
 		]]> 
 		</select>
 		<!-- 	게시판 리스트 불러오기 페이지처리까지 -->
	<select id="getListWithPaging" resultType="com.teamPjt.teamPtop.domain.boardVO">
		<![CDATA[
		select bno,categoryname,title,content,writer,regdate from
  		( select /*+INDEX_DESC(teamPjt pk_board)*/ 
		rownum rn,bno,categoryname,title,content,writer,regdate
		from tbl_board 
 		where categoryname = #{category} and  
 		]]> 
<!-- 		<include refid="criteria"></include> -->
		<![CDATA[
			rownum <= 1 * 20 
  			)  
 			where rn > (1-1) * 20 
 		]]>
	</select>
<!-- 	게시물 토탈 카운트 -->
		<select id="getTotalCount" resultType="int">
		select count(*) from tbl_board where
<!-- 		<include refid="criteria"></include> -->
		bno>0
	</select>
	
<!-- 	글쓰기 -->
		<insert id="register">
		<selectKey keyProperty="bno" order="BEFORE" resultType="int">
			select seq_file_board.nextval from dual
		</selectKey>
		insert into tbl_board(bno, title,categoryname, content)
		values(#{bno},#{title},#{categoryname},#{content})
	</insert>
	
	<select id="get" resultType="com.teamPjt.teamPtop.domain.boardVO">
		select * from tbl_board where bno=#{bno}
	</select>

</mapper>