<?xml version="1.0" encoding="UTF-8"?>
<!DOCTYPE mapper
  PUBLIC "-//mybatis.org//DTD Mapper 3.0//EN"
  "http://mybatis.org/dtd/mybatis-3-mapper.dtd">
<mapper namespace="com.teamPjt.teamPtop.mapper.FileMapper">
	<select id="get" resultType="com.teamPjt.teamPtop.domain.SaveFile">
		select * from tbl_file where fno=#{fno}
	</select>
	<select id="getList" resultType="com.teamPjt.teamPtop.domain.SaveFile">
		select * from tbl_file where bno=#{bno}
	</select>
	<insert id="register">
		insert into tbl_file(fno, filename, bno)
		values(seq_file_board.nextval, #{filename},#{bno})
	</insert>
<!-- 	<delete id="delete"> -->
<!-- 		delete from save_file where fno=#{fno} -->
<!-- 	</delete> -->
<!-- 	<delete id="deleteList"> -->
<!-- 		delete from save_file where bno=#{bno} -->
<!-- 	</delete> -->
	

</mapper>