<?xml version="1.0" encoding="UTF-8"?>
<!DOCTYPE mapper
  PUBLIC "-//mybatis.org//DTD Mapper 3.0//EN"
  "http://mybatis.org/dtd/mybatis-3-mapper.dtd">
  <mapper namespace="com.teamPjt.teamPtop.mapper.SignUpMapper">
  <select id="idCheck"  resultType="int">
		<![CDATA[
			SELECT count(*) FROM tbl_member WHERE id = #{id}
		]]>
	</select>
	
	<insert id="signUp">
		<![CDATA[
			INSERT INTO tbl_member(mno,id,password,nickname,name,mail)
			VALUES (seq_member.nextval, #{id},#{password},#{nickname},#{name},#{mail})
		]]>
	</insert>
  	<update id="update">
  		UPDATE tbl_member(password, nickname, mail)
		SET password={#password}, nickname={#nickname}, mail={#mail} where mno = #{mno} 
  	</update>
  	<delete id="delete">
  		DELETE FROM tbl_member where mno ={#mno}
  	</delete>
  	
  </mapper>